filename,조합명,조합의 촬영 순서
Jonghyeon_manA_mana_30.jpg,manA_mana,14
Jonghyeon_manA_mana_60.jpg,manA_mana,14
Jonghyeon_manA_mana_90.jpg,manA_mana,14
Jonghyeon_manA_mana_120.jpg,manA_mana,14
Jonghyeon_manA_mana_150.jpg,manA_mana,14
Jonghyeon_manB_manb_30.jpg,manB_manb,25
Jonghyeon_manB_manb_60.jpg,manB_manb,25
Jonghyeon_manB_manb_90.jpg,manB_manb,25
Jonghyeon_manB_manb_120.jpg,manB_manb,25
Jonghyeon_manB_manb_150.jpg,manB_manb,25
Jonghyeon_manC_manc_30.jpg,manC_manc,21
Jonghyeon_manC_manc_60.jpg,manC_manc,21
Jonghyeon_manC_manc_90.jpg,manC_manc,21
Jonghyeon_manC_manc_120.jpg,manC_manc,21
Jonghyeon_manC_manc_150.jpg,manC_manc,21
Jonghyeon_manD_mand_30.jpg,manD_mand,1
Jonghyeon_manD_mand_60.jpg,manD_mand,1
Jonghyeon_manD_mand_90.jpg,manD_mand,1
Jonghyeon_manD_mand_120.jpg,manD_mand,1
Jonghyeon_manD_mand_150.jpg,manD_mand,1
Jonghyeon_manE_mane_30.jpg,manE_mane,5
Jonghyeon_manE_mane_60.jpg,manE_mane,5
Jonghyeon_manE_mane_90.jpg,manE_mane,5
Jonghyeon_manE_mane_120.jpg,manE_mane,5
Jonghyeon_manE_mane_150.jpg,manE_mane,5
Jonghyeon_manF_manf_30.jpg,manF_manf,7
Jonghyeon_manF_manf_60.jpg,manF_manf,7
Jonghyeon_manF_manf_90.jpg,manF_manf,7
Jonghyeon_manF_manf_120.jpg,manF_manf,7
Jonghyeon_manF_manf_150.jpg,manF_manf,7
Jonghyeon_manG_mang_30.jpg,manG_mang,17
Jonghyeon_manG_mang_60.jpg,manG_mang,17
Jonghyeon_manG_mang_90.jpg,manG_mang,17
Jonghyeon_manG_mang_120.jpg,manG_mang,17
Jonghyeon_manG_mang_150.jpg,manG_mang,17
Jonghyeon_manH_manh_30.jpg,manH_manh,29
Jonghyeon_manH_manh_60.jpg,manH_manh,29
Jonghyeon_manH_manh_90.jpg,manH_manh,29
Jonghyeon_manH_manh_120.jpg,manH_manh,29
Jonghyeon_manH_manh_150.jpg,manH_manh,29
Jonghyeon_manI_mani_30.jpg,manI_mani,12
Jonghyeon_manI_mani_60.jpg,manI_mani,12
Jonghyeon_manI_mani_90.jpg,manI_mani,12
Jonghyeon_manI_mani_120.jpg,manI_mani,12
Jonghyeon_manI_mani_150.jpg,manI_mani,12
Seunghyuk_manA_mana_30.jpg,manA_mana,27
Seunghyuk_manA_mana_60.jpg,manA_mana,27
Seunghyuk_manA_mana_90.jpg,manA_mana,27
Seunghyuk_manA_mana_120.jpg,manA_mana,27
Seunghyuk_manA_mana_150.jpg,manA_mana,27
Seunghyuk_manB_manb_30.jpg,manB_manb,33
Seunghyuk_manB_manb_60.jpg,manB_manb,33
Seunghyuk_manB_manb_90.jpg,manB_manb,33
Seunghyuk_manB_manb_120.jpg,manB_manb,33
Seunghyuk_manB_manb_150.jpg,manB_manb,33
Seunghyuk_manC_manc_30.jpg,manC_manc,35
Seunghyuk_manC_manc_60.jpg,manC_manc,35
Seunghyuk_manC_manc_90.jpg,manC_manc,35
Seunghyuk_manC_manc_120.jpg,manC_manc,35
Seunghyuk_manC_manc_150.jpg,manC_manc,35
Seunghyuk_manD_mand_30.jpg,manD_mand,31
Seunghyuk_manD_mand_60.jpg,manD_mand,31
Seunghyuk_manD_mand_90.jpg,manD_mand,31
Seunghyuk_manD_mand_120.jpg,manD_mand,31
Seunghyuk_manD_mand_150.jpg,manD_mand,31
Seunghyuk_manE_mane_30.jpg,manE_mane,36
Seunghyuk_manE_mane_60.jpg,manE_mane,36
Seunghyuk_manE_mane_90.jpg,manE_mane,36
Seunghyuk_manE_mane_120.jpg,manE_mane,36
Seunghyuk_manE_mane_150.jpg,manE_mane,36
Seunghyuk_manF_manf_30.jpg,manF_manf,38
Seunghyuk_manF_manf_60.jpg,manF_manf,38
Seunghyuk_manF_manf_90.jpg,manF_manf,38
Seunghyuk_manF_manf_120.jpg,manF_manf,38
Seunghyuk_manF_manf_150.jpg,manF_manf,38
Seunghyuk_manG_mang_30.jpg,manG_mang,3
Seunghyuk_manG_mang_60.jpg,manG_mang,3
Seunghyuk_manG_mang_90.jpg,manG_mang,3
Seunghyuk_manG_mang_120.jpg,manG_mang,3
Seunghyuk_manG_mang_150.jpg,manG_mang,3
Seunghyuk_manH_manh_30.jpg,manH_manh,13
Seunghyuk_manH_manh_60.jpg,manH_manh,13
Seunghyuk_manH_manh_90.jpg,manH_manh,13
Seunghyuk_manH_manh_120.jpg,manH_manh,13
Seunghyuk_manH_manh_150.jpg,manH_manh,13
Seunghyuk_manI_mani_30.jpg,manI_mani,39
Seunghyuk_manI_mani_60.jpg,manI_mani,39
Seunghyuk_manI_mani_90.jpg,manI_mani,39
Seunghyuk_manI_mani_120.jpg,manI_mani,39
Seunghyuk_manI_mani_150.jpg,manI_mani,39
Mingun_manA_mana_30.jpg,manA_mana,2
Mingun_manA_mana_60.jpg,manA_mana,2
Mingun_manA_mana_90.jpg,manA_mana,2
Mingun_manA_mana_120.jpg,manA_mana,2
Mingun_manA_mana_150.jpg,manA_mana,2
Mingun_manB_manb_30.jpg,manB_manb,9
Mingun_manB_manb_60.jpg,manB_manb,9
Mingun_manB_manb_90.jpg,manB_manb,9
Mingun_manB_manb_120.jpg,manB_manb,9
Mingun_manB_manb_150.jpg,manB_manb,9
Mingun_manC_manc_30.jpg,manC_manc,18
Mingun_manC_manc_60.jpg,manC_manc,18
Mingun_manC_manc_90.jpg,manC_manc,18
Mingun_manC_manc_120.jpg,manC_manc,18
Mingun_manC_manc_150.jpg,manC_manc,18
Mingun_manD_mand_30.jpg,manD_mand,34
Mingun_manD_mand_60.jpg,manD_mand,34
Mingun_manD_mand_90.jpg,manD_mand,34
Mingun_manD_mand_120.jpg,manD_mand,34
Mingun_manD_mand_150.jpg,manD_mand,34
Mingun_manE_mane_30.jpg,manE_mane,32
Mingun_manE_mane_60.jpg,manE_mane,32
Mingun_manE_mane_90.jpg,manE_mane,32
Mingun_manE_mane_120.jpg,manE_mane,32
Mingun_manE_mane_150.jpg,manE_mane,32
Mingun_manF_manf_30.jpg,manF_manf,26
Mingun_manF_manf_60.jpg,manF_manf,26
Mingun_manF_manf_90.jpg,manF_manf,26
Mingun_manF_manf_120.jpg,manF_manf,26
Mingun_manF_manf_150.jpg,manF_manf,26
Mingun_manG_mang_30.jpg,manG_mang,30
Mingun_manG_mang_60.jpg,manG_mang,30
Mingun_manG_mang_90.jpg,manG_mang,30
Mingun_manG_mang_120.jpg,manG_mang,30
Mingun_manG_mang_150.jpg,manG_mang,30
Mingun_manH_manh_30.jpg,manH_manh,37
Mingun_manH_manh_60.jpg,manH_manh,37
Mingun_manH_manh_90.jpg,manH_manh,37
Mingun_manH_manh_120.jpg,manH_manh,37
Mingun_manH_manh_150.jpg,manH_manh,37
Mingun_manI_mani_30.jpg,manI_mani,22
Mingun_manI_mani_60.jpg,manI_mani,22
Mingun_manI_mani_90.jpg,manI_mani,22
Mingun_manI_mani_120.jpg,manI_mani,22
Mingun_manI_mani_150.jpg,manI_mani,22
Taeyoung_womanA_womana_30.jpg,womanA_womana,6
Taeyoung_womanA_womana_60.jpg,womanA_womana,6
Taeyoung_womanA_womana_90.jpg,womanA_womana,6
Taeyoung_womanA_womana_120.jpg,womanA_womana,6
Taeyoung_womanA_womana_150.jpg,womanA_womana,6
Taeyoung_womanB_womanb_30.jpg,womanB_womanb,10
Taeyoung_womanB_womanb_60.jpg,womanB_womanb,10
Taeyoung_womanB_womanb_90.jpg,womanB_womanb,10
Taeyoung_womanB_womanb_120.jpg,womanB_womanb,10
Taeyoung_womanB_womanb_150.jpg,womanB_womanb,10
Taeyoung_womanC_womanc_30.jpg,womanC_womanc,16
Taeyoung_womanC_womanc_60.jpg,womanC_womanc,16
Taeyoung_womanC_womanc_90.jpg,womanC_womanc,16
Taeyoung_womanC_womanc_120.jpg,womanC_womanc,16
Taeyoung_womanC_womanc_150.jpg,womanC_womanc,16
Taeyoung_womanD_womand_30.jpg,womanD_womand,20
Taeyoung_womanD_womand_60.jpg,womanD_womand,20
Taeyoung_womanD_womand_90.jpg,womanD_womand,20
Taeyoung_womanD_womand_120.jpg,womanD_womand,20
Taeyoung_womanD_womand_150.jpg,womanD_womand,20
Taeyoung_womanE_womane_30.jpg,womanE_womane,28
Taeyoung_womanE_womane_60.jpg,womanE_womane,28
Taeyoung_womanE_womane_90.jpg,womanE_womane,28
Taeyoung_womanE_womane_120.jpg,womanE_womane,28
Taeyoung_womanE_womane_150.jpg,womanE_womane,28
Taeyoung_womanF_womanf_30.jpg,womanF_womanf,24
Taeyoung_womanF_womanf_60.jpg,womanF_womanf,24
Taeyoung_womanF_womanf_90.jpg,womanF_womanf,24
Taeyoung_womanF_womanf_120.jpg,womanF_womanf,24
Taeyoung_womanF_womanf_150.jpg,womanF_womanf,24
Seohyun_womanA_womana_30.jpg,womanA_womana,15
Seohyun_womanA_womana_60.jpg,womanA_womana,15
Seohyun_womanA_womana_90.jpg,womanA_womana,15
Seohyun_womanA_womana_120.jpg,womanA_womana,15
Seohyun_womanA_womana_150.jpg,womanA_womana,15
Seohyun_womanB_womanb_30.jpg,womanB_womanb,19
Seohyun_womanB_womanb_60.jpg,womanB_womanb,19
Seohyun_womanB_womanb_90.jpg,womanB_womanb,19
Seohyun_womanB_womanb_120.jpg,womanB_womanb,19
Seohyun_womanB_womanb_150.jpg,womanB_womanb,19
Seohyun_womanC_womanc_30.jpg,womanC_womanc,23
Seohyun_womanC_womanc_60.jpg,womanC_womanc,23
Seohyun_womanC_womanc_90.jpg,womanC_womanc,23
Seohyun_womanC_womanc_120.jpg,womanC_womanc,23
Seohyun_womanC_womanc_150.jpg,womanC_womanc,23
Seohyun_womanD_womand_30.jpg,womanD_womand,8
Seohyun_womanD_womand_60.jpg,womanD_womand,8
Seohyun_womanD_womand_90.jpg,womanD_womand,8
Seohyun_womanD_womand_120.jpg,womanD_womand,8
Seohyun_womanD_womand_150.jpg,womanD_womand,8
Seohyun_womanE_womane_30.jpg,womanE_womane,4
Seohyun_womanE_womane_60.jpg,womanE_womane,4
Seohyun_womanE_womane_90.jpg,womanE_womane,4
Seohyun_womanE_womane_120.jpg,womanE_womane,4
Seohyun_womanE_womane_150.jpg,womanE_womane,4
Seohyun_womanF_womanf_30.jpg,womanF_womanf,11
Seohyun_womanF_womanf_60.jpg,womanF_womanf,11
Seohyun_womanF_womanf_90.jpg,womanF_womanf,11
Seohyun_womanF_womanf_120.jpg,womanF_womanf,11
Seohyun_womanF_womanf_150.jpg,womanF_womanf,11